alpha,alpha3,batch_size,critic1_error,critic2_error,distribution_loss,end_cost,entropy,eplenmean,eplrewmean,eprewmean,labda,lr_a,lr_c,lr_l,lyapunov_error,policy_loss,target_entropy,tau,total_timesteps,violation_times
0.94998235,1.0,256,2937.354,2973.6882,nan,0.0,-0.686096,84.4,0.0,-2902.0122782879544,1.0,9.966616666666668e-05,0.0002989985,0.0002989985,5.727463e-05,228.39975,-1,0.005,2048,0.0
0.9237014,,,4735.999,4808.1865,nan,0.0,-0.47508097,214.3,0.0,-1645.8846320086693,0.99894583,9.934383333333334e-05,0.0002980315,0.0002980315,4.2941803e-05,324.70816,,,4096,67.6
0.8550104,,,6756.1626,7002.2124,nan,0.0,-0.56832767,335.4,0.0,1750.208840589629,0.98725146,9.900900000000001e-05,0.000297027,0.000297027,0.00016984275,409.2239,,,6144,187.2
0.78906405,,,10342.135,10827.679,-1.8342798,0.007754285321139065,-0.9065579,47.3,68.98322295336455,-407.7304534125936,1.0947406,9.865816666666668e-05,0.00029597449999999996,0.00029597449999999996,0.2524318,379.32745,,,8192,22.5
0.81908244,,,3371.7808,3398.1184,-1.8016007,0.897098475389738,-1.207584,42.6,105.3529227868831,-307.8202037018453,1.3760321,9.832433333333334e-05,0.00029497299999999997,0.00029497299999999997,2.0140204,292.22382,,,10240,25.5
0.8681179,,,5760.5796,5949.5737,-1.7175707,1.2725044401733305,-1.187099,114.2,293.47797712373824,574.3242885098591,1.5498651,9.79815e-05,0.0002939445,0.0002939445,2.0532348,247.11975,,,12288,75.5
0.92295104,,,4265.218,4558.1616,-1.8340299,1.7300821057048992,-1.1859989,165.8,464.48752672542423,1135.4613468819223,1.7233082,9.764066666666668e-05,0.000292922,0.000292922,5.8661375,152.12741,,,14336,99.6
0.9637267,,,3608.6304,3764.7905,-1.8093458,2.437281550468719,-1.1567882,303.9,636.2086553780551,2438.464406936414,1.8400627,9.734816666666668e-05,0.0002920445,0.0002920445,5.497983,128.8004,,,16384,140.9
1.032148,,,3403.4233,3513.3237,-1.8495705,2.8540834420281587,-1.1063693,425.5,740.1817507072741,4331.08826694978,1.9233701,9.69315e-05,0.0002907945,0.0002907945,8.624092,86.24308,,,18432,183.9
1.080097,,,2111.281,2167.599,-1.8585045,2.283066720113576,-1.0139078,450.8,695.1844503768092,4458.9508509747275,1.9513273,9.659683333333334e-05,0.00028979049999999996,0.00028979049999999996,10.0527525,39.337116,,,20480,168.9
1.1021227,,,1757.7686,1771.4578,-1.9031732,1.9221980578580886,-1.0277877,345.6,440.14360458977916,2291.797883321836,2.07357,9.627216666666668e-05,0.00028881649999999996,0.00028881649999999996,8.712125,-17.665035,,,22528,95.2
1.1233075,,,1509.0056,1496.836,-1.9092957,0.9838309398534953,-0.97170717,276.4,171.0561275952757,-125.50650114057926,2.2156978,9.595033333333335e-05,0.000287851,0.000287851,7.147954,-57.451496,,,24576,44.7
1.0844328,,,1306.4197,1296.7128,-1.9136305,2.1647941863395372,-0.9392217,327.4,319.1126424341962,1089.1608005313415,2.370726,9.5571e-05,0.00028671299999999996,0.00028671299999999996,5.456752,-77.7671,,,26624,82.8
1.0528924,,,1227.3804,1228.1799,-1.7321379,1.6423194568295973,-0.9785636,369.6,255.52669226049096,16.649675917505,2.5162592,9.5251e-05,0.00028575299999999997,0.00028575299999999997,5.79246,-91.93056,,,28672,98.9
1.0127733,,,1060.7319,1068.1322,-1.4449695,0.8840969205573502,-0.9545226,378.4,181.30479807564356,-134.61045954262224,2.7113957,9.488100000000002e-05,0.000284643,0.000284643,6.1540527,-99.12149,,,30720,169.3
0.96932566,,,984.1691,997.4494,-1.3667886,0.6981117580808105,-0.95924646,395.4,182.60389980314477,1649.2325191115801,2.96061,9.454583333333334e-05,0.00028363749999999995,0.00028363749999999995,6.56478,-111.95235,,,32768,190.4
0.9422787,,,770.364,785.85583,-1.3994439,0.4765001984628426,-0.9909544,381.2,131.3579558383572,1806.2118822771622,3.3216622,9.424566666666667e-05,0.000282737,0.000282737,8.621552,-145.87668,,,34816,129.7
0.9590925,,,694.45435,709.466,-1.4228446,0.4701712655276582,-1.0452164,417.7,127.55645192607264,1694.703367737656,3.557544,9.393300000000001e-05,0.00028179899999999995,0.00028179899999999995,8.391221,-173.62001,,,36864,153.5
1.0377152,,,939.7425,956.48175,-1.3584242,0.4401652390503429,-1.1167512,450.0,109.32913297284729,2412.428046057617,3.5745633,9.3522e-05,0.00028056599999999994,0.00028056599999999994,8.2007675,-187.07133,,,38912,148.5
1.1016409,,,1128.7004,1145.6393,-1.2931002,0.47687727356870707,-1.0071709,434.4,231.39350401829478,1698.5209433713826,3.473782,9.320900000000001e-05,0.00027962699999999996,0.00027962699999999996,5.199428,-186.54605,,,40960,195.7
1.0807372,,,1193.2489,1207.0967,-1.3321521,0.6955968643585939,-0.8955325,420.6,316.2458904681776,1272.463255172824,3.537765,9.289866666666667e-05,0.000278696,0.000278696,3.314445,-199.65901,,,43008,239.2
1.0321956,,,972.6859,990.34845,-1.387118,0.9714336131894147,-0.91301394,467.6,318.74651414378496,3819.974939697227,3.6787152,9.256533333333334e-05,0.00027769599999999997,0.00027769599999999997,3.3446622,-232.83821,,,45056,272.2
0.98523396,,,1049.034,1072.081,-1.4275755,0.885442503279316,-0.9488864,493.0,215.93719684548282,3781.7436873501088,3.87254,9.216033333333333e-05,0.00027648099999999997,0.00027648099999999997,4.610711,-255.87485,,,47104,186.3
0.9527006,,,1107.0828,1117.1677,-1.4201255,0.5580497678811356,-0.95490396,493.0,134.56878684703838,2398.9938562984753,4.1681027,9.182700000000001e-05,0.000275481,0.000275481,6.434142,-266.47928,,,49152,87.8
0.93594486,,,1109.9592,1116.1536,-1.4174278,0.5370273491832301,-1.0105703,500.0,72.41053829335316,3490.0937427877057,4.598531,9.149366666666667e-05,0.000274481,0.000274481,5.916433,-280.92218,,,51200,53.8
0.93739665,,,1003.4072,989.5836,-1.420439,0.7923734592498535,-1.0129497,500.0,160.81210407998043,4673.483461377146,4.9936976,9.116033333333334e-05,0.00027348099999999995,0.00027348099999999995,4.9026093,-302.89813,,,53248,116.8
0.915713,,,1078.1091,1064.5099,-1.4346352,0.9935368881864894,-0.9610367,495.2,241.68326162283756,4172.001254925898,5.3784547,9.083500000000001e-05,0.000272505,0.000272505,4.309537,-321.56366,,,55296,149.2
0.8678175,,,836.03644,832.1133,-1.4096596,0.8335707415195795,-0.98596543,404.8,221.50571221570368,2656.6834608594895,5.88733,9.048566666666667e-05,0.00027145699999999996,0.00027145699999999996,4.1280646,-332.88568,,,57344,128.7
0.8833888,,,488.8435,487.66504,-1.4105403,0.12724174378432435,-1.0557325,374.9,67.48378524625528,1645.8347642475023,6.3885283,9.012683333333334e-05,0.0002703805,0.0002703805,2.9000118,-344.80463,,,59392,40.1
0.9186207,,,867.60364,851.9922,-1.4578927,0.12724174378432435,-1.0619969,443.2,67.48378524625528,2208.63277509952,6.915863,8.983033333333333e-05,0.00026949099999999996,0.00026949099999999996,2.9904017,-351.2259,,,61440,40.1
0.9569476,,,1049.4171,1026.509,-1.5172917,0.1842940672646413,-1.0547882,477.9,34.364418869433806,3024.6850445256623,7.4320326,8.949700000000001e-05,0.000268491,0.000268491,3.507558,-352.93256,,,63488,39.1
1.0703163,,,3187.819,3282.7466,-1.4827067,0.18939877677039146,-1.5629449,500.0,40.256839652233644,3800.7682300814827,7.265031,8.908033333333334e-05,0.000267241,0.000267241,7.454081,-287.63364,,,65536,65.9
1.1767939,,,4144.6245,4275.995,-1.4824133,0.5685571508634151,-1.6611745,467.7,208.26634350813302,2511.094297457251,6.8339834,8.880083333333333e-05,0.00026640249999999996,0.00026640249999999996,8.393038,-254.7026,,,67584,164.8
1.2429345,,,2699.8013,2773.4639,-1.4989868,1.370783128605988,-1.2134645,467.7,461.6579873541913,3435.176737720086,6.6440597,8.84675e-05,0.0002654025,0.0002654025,5.131415,-258.48553,,,69632,271.0
1.2504203,,,1097.5594,1110.9268,-1.4966274,1.1030911225377793,-0.96445847,455.6,341.19740046251417,2663.7614250884026,6.770243,8.80725e-05,0.0002642175,0.0002642175,2.920202,-304.19257,,,71680,198.7
1.2304411,,,1081.6168,1095.5513,-1.4575816,0.6324439489966448,-0.9207948,487.0,175.88175597861235,1950.0641440377508,6.9362206,8.773916666666667e-05,0.0002632175,0.0002632175,2.512196,-295.3111,,,73728,154.1
1.2073802,,,1122.1863,1137.0029,-1.4577544,0.46260702931571396,-0.9713909,487.0,181.92106357862528,2332.9485256772687,7.165049,8.740583333333334e-05,0.0002622175,0.0002622175,2.1048102,-293.07867,,,75776,152.4
1.2196879,,,844.6735,853.02185,-1.5044225,0.5008593601012136,-1.049247,500.0,155.0880465681485,3079.726100738912,7.270185,8.70725e-05,0.00026121749999999996,0.00026121749999999996,1.2689104,-302.7751,,,77824,126.0
1.244198,,,1042.5339,1040.58,-1.4889106,0.830854191059287,-1.0421492,500.0,217.45311099456362,5629.087438845403,7.3263574,8.673916666666667e-05,0.0002602175,0.0002602175,1.3324729,-315.89883,,,79872,170.5
1.2387291,,,780.13153,781.817,-1.4999607,0.896763023212222,-0.93867475,495.6,289.47623453746905,5591.722728919802,7.5356812,8.641316666666666e-05,0.0002592395,0.0002592395,1.2537687,-343.38602,,,81920,218.1
1.1691847,,,845.7376,859.13464,-1.482762,0.6346527902380898,-0.91577494,458.9,215.76005851395703,4066.8974350577278,8.197434,8.605766666666667e-05,0.000258173,0.000258173,1.668772,-367.63,,,83968,160.6
1.1499833,,,814.84216,826.11755,-1.4678684,0.2848884742372627,-1.0169458,414.4,51.99590765307514,3202.2249239551243,8.331332,8.572250000000001e-05,0.0002571675,0.0002571675,1.8477783,-367.3007,,,86016,52.0
1.1706109,,,713.422,729.6777,-1.4674891,0.31503908956388865,-1.0430976,434.0,29.002319668617293,4218.174547205368,8.006644,8.538916666666668e-05,0.00025616749999999997,0.00025616749999999997,1.3921226,-352.6419,,,88064,37.2
1.1778266,,,727.6259,730.45496,-1.4911435,0.03015061532662595,-0.9267146,451.1,8.175504482316722,4446.072475645487,7.681262,8.505583333333333e-05,0.00025516749999999995,0.00025516749999999995,1.3416493,-337.55856,,,90112,19.4
1.1504954,,,904.36926,904.56934,-1.5152544,0.03015061532662595,-0.9798931,500.0,7.357265673166035,5158.571851721164,7.7305093,8.47225e-05,0.0002541675,0.0002541675,1.331537,-343.56973,,,92160,19.4
1.087374,,,1100.1979,1100.176,-1.4869673,0.0,-0.9161924,500.0,0.0,3714.7672620862577,8.046291,8.430583333333334e-05,0.00025291749999999997,0.00025291749999999997,1.06585,-351.66092,,,94208,0.0
1.0349463,,,1142.6888,1152.5035,-1.4857314,0.0,-0.95988065,450.6,0.6032193056738282,3487.786142401409,8.053602,8.397150000000001e-05,0.00025191449999999995,0.00025191449999999995,0.814082,-349.12088,,,96256,0.0
1.0303737,,,987.3961,999.3203,-1.4710454,0.0,-1.0157652,450.6,1.281954892352187,4250.292445216704,7.6330705,8.363816666666667e-05,0.0002509145,0.0002509145,0.7917012,-339.71283,,,98304,0.0
1.0258102,,,1270.2571,1275.0618,-1.4356487,0.0,-0.96509016,500.0,0.7086024004806264,5339.628535992362,7.279992,8.330483333333334e-05,0.0002499145,0.0002499145,0.8826278,-338.7536,,,100352,0.0
0.9867093,,,942.54803,947.1896,-1.4336399,0.0,-0.91917324,500.0,0.7086024004806264,6332.786452603452,7.236701,8.29715e-05,0.0002489145,0.0002489145,0.8521172,-338.96548,,,102400,0.0
0.9340027,,,974.6382,980.56506,-1.4735296,0.0,-0.917405,450.8,0.7389675680158552,5256.766074095821,7.119115,8.263683333333334e-05,0.0002479105,0.0002479105,0.7854044,-355.07953,,,104448,0.0
0.9107564,,,1959.9482,1963.5375,-1.4978421,0.0,-0.957837,407.3,0.7091007542135876,4502.421483071078,7.037741,8.229266666666667e-05,0.00024687799999999996,0.00024687799999999996,0.9452828,-359.74442,,,106496,0.0
0.92013425,,,1992.51,2008.7314,-1.4978611,0.00661283229773324,-1.0186878,407.3,14.693249300439282,3544.1891549963634,7.0079575,8.195933333333334e-05,0.000245878,0.000245878,1.0376571,-374.0291,,,108544,45.3
0.92407703,,,1995.5725,2004.99,-1.4677507,0.00661283229773324,-0.974275,464.5,26.177323529209428,4290.9690908370885,6.779969,8.160183333333334e-05,0.00024480549999999997,0.00024480549999999997,1.2139231,-380.77936,,,110592,79.5
0.91548645,,,2070.019,2067.2908,-1.4793241,0.08825633710251893,-1.0010676,464.5,18.719691381872043,5301.268794199603,6.570815,8.12685e-05,0.00024380549999999997,0.00024380549999999997,1.3392117,-386.64636,,,112640,65.6
0.9247974,,,1973.7185,1979.849,-1.4882972,0.30788310066437174,-1.0363306,500.0,27.84290043882236,5750.94807502291,6.36216,8.093516666666667e-05,0.0002428055,0.0002428055,1.4371645,-408.3917,,,114688,63.9
0.9227292,,,1855.095,1868.5662,-1.4724778,0.22623959585958606,-0.96492136,500.0,26.21100787581937,5541.761152000572,6.378049,8.060183333333334e-05,0.00024180549999999997,0.00024180549999999997,1.0306649,-419.90546,,,116736,63.9
0.871122,,,2082.1929,2110.6746,-1.4682493,0.01472997890909462,-0.8974687,463.0,8.338754529554988,4171.84224140183,6.665084,8.024683333333333e-05,0.00024074049999999998,0.00024074049999999998,1.0630376,-428.45123,,,118784,27.2
0.8614376,,,2260.9966,2278.936,-1.477206,0.03833476071856952,-1.023259,413.7,16.78829805933715,3200.144278049682,6.484464,7.991233333333334e-05,0.00023973699999999996,0.00023973699999999996,2.029554,-422.8083,,,120832,25.9
0.8889335,,,1938.2002,1933.8606,-1.4830959,0.03833476071856952,-1.079602,450.7,17.27997897588684,3919.205948631421,6.0947704,7.9579e-05,0.000238737,0.000238737,2.1238894,-422.17838,,,122880,25.9
0.90647125,,,1969.8893,1968.5417,-1.4531002,0.07137823654571174,-1.0187514,450.7,11.774702221197348,4240.391496589797,6.033666,7.924566666666667e-05,0.000237737,0.000237737,2.569001,-427.93378,,,124928,18.7
0.895164,,,1909.4957,1914.5573,-1.4331396,0.07137823654571174,-0.9581919,500.0,11.267017315460365,3935.8956258196645,6.062627,7.891233333333334e-05,0.000236737,0.000236737,1.7691152,-442.74115,,,126976,18.7
0.8804105,,,1904.1584,1917.4652,-1.4570137,0.0,-0.98344624,500.0,5.455563791149539,4354.88617991379,5.8685236,7.857900000000001e-05,0.00023573699999999997,0.00023573699999999997,2.1806884,-455.4953,,,129024,13.4
0.88752234,,,1604.478,1610.109,-1.5043701,0.030985551320027116,-0.9774395,450.7,42.3037191897791,5776.050135723577,5.3702555,7.816116666666667e-05,0.0002344835,0.0002344835,2.2566507,-467.78485,,,131072,98.7
0.864505,,,1318.9418,1309.2322,-1.4490011,0.07103918367043467,-0.91225445,401.6,19.952732862168517,5625.129363996264,5.393138,7.782633333333333e-05,0.00023347899999999998,0.00023347899999999998,1.1147802,-480.21664,,,133120,64.4
0.8319079,,,1737.1082,1743.3864,-1.415992,0.3239412850042524,-0.9097196,401.5,53.4508169452575,4338.437485962524,5.4971175,7.749200000000001e-05,0.000232476,0.000232476,1.7479265,-484.6132,,,135168,67.0
0.8059867,,,1503.5303,1511.3481,-1.4351609,0.28388765265384486,-0.8817609,401.5,57.82852905463896,3903.173743969545,5.4515595,7.715866666666666e-05,0.00023147599999999996,0.00023147599999999996,2.130512,-474.52695,,,137216,91.8
0.76304317,,,1796.1049,1798.2334,-1.4554399,0.0,-0.87941134,500.0,10.378315535312634,4592.353524465636,5.4531374,7.682533333333334e-05,0.000230476,0.000230476,1.7780043,-467.11816,,,139264,37.5
0.73344,,,1521.2231,1525.492,-1.4348447,0.06380593593635424,-0.9094,500.0,30.324601383523763,5555.330132050126,5.413185,7.649200000000001e-05,0.000229476,0.000229476,1.6319168,-476.37897,,,141312,96.3
0.7227677,,,1460.468,1463.527,-1.4178418,0.06380593593635424,-1.0018092,500.0,20.394977244298243,4770.123708947813,5.221347,7.615866666666667e-05,0.00022847599999999997,0.00022847599999999997,1.7313801,-478.11493,,,143360,58.8
0.72577375,,,1403.005,1410.3815,-1.4518632,0.07306557742745567,-0.92688435,450.7,8.895698390937318,4000.941543862541,4.993794,7.582416666666667e-05,0.0002274725,0.0002274725,1.9174709,-483.4034,,,145408,14.5
0.7135323,,,1501.8483,1507.1759,-1.4654979,0.08011324590094279,-0.9111085,450.7,11.716849522868728,4815.875746899486,5.013097,7.549083333333334e-05,0.00022647249999999998,0.00022647249999999998,1.6233673,-497.25732,,,147456,21.8
0.68712014,,,1587.5923,1588.0408,-1.4669611,0.13757660563153445,-0.87927496,450.7,25.053472728415677,5181.561871494897,5.187402,7.51575e-05,0.00022547249999999998,0.00022547249999999998,1.0909003,-525.7842,,,149504,46.7
0.65761393,,,2192.6458,2168.2163,-1.4363248,0.11105223891913726,-0.9233178,500.0,23.957073021308936,4602.982706830424,5.3424993,7.482416666666667e-05,0.00022447249999999998,0.00022447249999999998,1.1165223,-538.74207,,,151552,45.3
0.64399475,,,2470.3289,2443.3364,-1.4468583,0.1933412832044133,-1.0103072,499.3,49.4337376583501,4366.398436733058,5.5272512,7.440866666666666e-05,0.00022322599999999998,0.00022322599999999998,0.98717964,-549.1556,,,153600,42.5
0.64945763,,,1959.3157,1957.377,-1.451455,0.2658877387678461,-1.038563,499.3,58.18752724245901,5663.318618980821,5.7005453,7.407533333333335e-05,0.00022222599999999998,0.00022222599999999998,0.8532874,-560.05237,,,155648,56.6
0.6576599,,,1861.3425,1853.3457,-1.4342039,0.5360613024664742,-0.95821685,473.1,98.09269095969806,4876.217606748614,5.8011193,7.378566666666667e-05,0.00022135699999999996,0.00022135699999999996,1.1808672,-568.58,,,157696,107.0
0.67000663,,,2124.8499,2133.7896,-1.419648,0.3427200192620609,-1.0794631,434.5,110.48582355092478,3863.1864739491234,5.5977845,7.343450000000001e-05,0.0002203035,0.0002203035,2.034915,-558.4283,,,159744,120.0
0.6923818,,,2457.362,2469.0454,-1.4225721,0.0,-1.1338004,447.8,61.96184682980238,2488.2864901946696,5.3229337,7.303933333333334e-05,0.00021911799999999997,0.00021911799999999997,2.0355277,-558.19836,,,161792,55.5
0.70100886,,,1914.1072,1905.2633,-1.4175771,0.005986176613071459,-1.0453588,466.1,0.04180742522859855,2454.3599730836063,5.2468777,7.2706e-05,0.000218118,0.000218118,1.8333066,-556.51135,,,163840,0.0
0.7149712,,,2608.7766,2607.912,-1.4167359,0.04006347052594432,-1.0763725,500.0,21.15500142735018,4756.471608736017,5.0729895,7.237266666666667e-05,0.00021711799999999998,0.00021711799999999998,3.0597482,-542.70374,,,165888,41.4
0.729923,,,3222.651,3218.15,-1.4060299,0.07573986704359711,-1.0621594,500.0,33.91998626284121,6248.24755171129,4.939741,7.203933333333334e-05,0.00021611799999999998,0.00021611799999999998,2.8338718,-543.4711,,,167936,72.0
0.7430957,,,2963.5278,2950.736,-1.4187121,0.23642948360292362,-0.9796054,500.0,92.104147161925,6561.483186755382,4.849217,7.170600000000001e-05,0.00021511799999999998,0.00021511799999999998,1.558933,-554.535,,,169984,119.7
0.72420645,,,2723.3013,2702.8606,-1.4513773,0.6618717560780867,-0.9550725,476.6,138.13620078294085,6227.050635502643,4.9304113,7.132833333333333e-05,0.00021398499999999995,0.00021398499999999995,1.5381473,-566.63184,,,172032,133.2
0.7007531,,,2147.9514,2133.2148,-1.4658592,0.7884305187000245,-0.90332305,474.1,134.53040680358555,5153.5172819651325,5.132495,7.099916666666668e-05,0.0002129975,0.0002129975,1.4727774,-585.4775,,,174080,127.7
0.68140453,,,1913.1243,1907.6829,-1.4388716,0.4127625231272293,-0.9543306,497.5,63.116283151578486,4374.613473186594,5.200181,7.066583333333334e-05,0.0002119975,0.0002119975,1.0542161,-593.9849,,,176128,49.4
0.66712993,,,1301.9999,1299.6057,-1.4405177,0.3575510280302745,-0.97491133,500.0,31.936781705942245,4720.045443942967,5.2218757,7.03325e-05,0.00021099749999999997,0.00021099749999999997,0.91301787,-594.94977,,,178176,25.5
0.6683249,,,1610.8174,1619.3593,-1.4339324,0.45186621964704765,-1.036258,500.0,70.86144898955888,5209.57575797949,5.199447,6.999916666666667e-05,0.0002099975,0.0002099975,0.92692006,-607.57916,,,180224,72.7
0.69443494,,,1687.6487,1705.0465,-1.408651,0.7462375507642601,-1.0859115,500.0,126.32921535648275,4687.206448574185,5.232541,6.966583333333335e-05,0.0002089975,0.0002089975,1.2065294,-619.5602,,,182272,121.1
0.71697176,,,1908.3533,1925.9424,-1.4092696,0.5193723205264673,-1.0856118,500.0,91.47055776920288,3522.7665906316893,5.1979446,6.93325e-05,0.00020799749999999997,0.00020799749999999997,1.2026623,-631.8285,,,184320,88.6
0.73169595,,,1958.3444,1955.5964,-1.4143226,0.20337779934906922,-1.0294707,500.0,18.93809407588811,4234.380866983112,5.074413,6.899916666666667e-05,0.00020699749999999998,0.00020699749999999998,1.346237,-625.7372,,,186368,24.0
0.7353004,,,2018.5447,2016.6628,-1.4248977,0.5002280207787425,-1.0044243,500.0,110.20167894509908,5827.920107369532,4.9126463,6.866583333333334e-05,0.00020599749999999998,0.00020599749999999998,1.5957735,-629.2271,,,188416,102.1
0.7199412,,,1857.6924,1855.3704,-1.4174275,0.6468429899824711,-0.92457694,500.0,157.6292633796217,6824.775632663439,5.040466,6.83325e-05,0.00020499749999999998,0.00020499749999999998,1.5172379,-633.37115,,,190464,148.4
0.6798638,,,2035.6117,2039.5244,-1.4408429,0.5580669944751633,-0.87631094,500.0,158.48543690744924,6335.439893980533,5.425048,6.791583333333333e-05,0.00020374749999999998,0.00020374749999999998,1.1961552,-646.89685,,,192512,146.7
0.647598,,,2020.1301,2011.1047,-1.468449,0.4440018922881112,-0.8837798,500.0,74.55968373904639,6061.222153587958,5.701957,6.75825e-05,0.00020274749999999998,0.00020274749999999998,0.98542297,-656.3789,,,194560,70.9
0.62076044,,,1578.2058,1574.5564,-1.4475366,0.33649610992406637,-0.9216651,500.0,25.166021163311022,6099.201532857002,5.7696915,6.724916666666668e-05,0.00020174749999999999,0.00020174749999999999,0.8893274,-647.62714,,,196608,21.7
0.6078092,,,1595.21,1587.391,-1.4316226,0.13561177606889877,-0.98230284,500.0,5.258561602497507,6376.376214515594,5.650336,6.691583333333333e-05,0.00020074749999999996,0.00020074749999999996,1.1910866,-641.7973,,,198656,5.5
0.6288474,,,1933.5188,1952.8083,-1.4538231,0.43352448228959994,-1.3567197,500.0,140.66492552712438,5668.240261292697,5.3402987,6.65825e-05,0.0001997475,0.0001997475,1.6529334,-649.75446,,,200704,86.6
0.6603581,,,2043.2664,2071.108,-1.4762796,0.798140148534791,-1.3546444,500.0,217.65712843840828,6273.15132588521,5.1720247,6.624916666666667e-05,0.0001987475,0.0001987475,1.6872904,-664.59045,,,202752,127.6
0.6805035,,,1856.7301,1868.3411,-1.4636457,0.8709702188234836,-1.0320776,500.0,215.80726510668032,6494.349342375861,5.1789494,6.591583333333334e-05,0.00019774749999999997,0.00019774749999999997,1.0221777,-671.5036,,,204800,111.9
0.66757673,,,1501.4338,1506.9982,-1.4432175,0.14158814374026626,-0.8830619,450.7,7.669418917462589,5437.169556048759,5.4152555,6.558133333333334e-05,0.000196744,0.000196744,1.1680726,-679.03094,,,206848,1.2
0.65722525,,,1465.2849,1472.5267,-1.4334009,0.23228339276721402,-0.9712839,450.7,33.780753397472076,5596.3636564040025,5.643244,6.5248e-05,0.00019574399999999997,0.00019574399999999997,0.9619362,-689.3241,,,208896,25.0
0.6703133,,,1453.1134,1457.4934,-1.4579083,0.17678337905237632,-1.1064404,500.0,39.175751860288884,5762.803622726964,5.6252456,6.491466666666666e-05,0.00019474399999999998,0.00019474399999999998,0.6996161,-680.43744,,,210944,36.0
0.7034996,,,1303.7207,1310.4375,-1.4667718,0.13272698096619714,-1.1786133,500.0,29.751979024989744,5938.448587294993,5.422669,6.458133333333334e-05,0.00019374399999999998,0.00019374399999999998,0.59443676,-665.6237,,,212992,35.7
0.7377435,,,1435.639,1442.2174,-1.4526134,0.11114486513325728,-1.0388634,500.0,14.624348751586552,5823.784497593522,5.2983303,6.416466666666667e-05,0.000192494,0.000192494,0.5586537,-658.3021,,,215040,17.7
0.74353886,,,1887.4352,1891.2051,-1.4768758,0.31542934172429493,-1.0372599,500.0,65.790406810164,6155.043083634179,5.43617,6.383133333333333e-05,0.00019149399999999998,0.00019149399999999998,0.69079226,-661.00183,,,217088,74.6
0.7451235,,,2030.1523,2034.317,-1.4774743,0.4253656444382557,-0.97195566,495.9,123.373843325101,4859.31544613448,5.6338277,6.350483333333334e-05,0.00019051449999999998,0.00019051449999999998,0.76662874,-662.1715,,,219136,119.5
0.7437087,,,2160.0178,2148.891,-1.4780128,0.393178375678308,-0.94376385,495.9,113.22642766293534,4834.897450481274,5.778417,6.31715e-05,0.00018951449999999998,0.00018951449999999998,0.759302,-655.4437,,,221184,106.8
0.72538173,,,1666.1482,1667.0328,-1.439738,0.16159957380927642,-0.8923093,500.0,23.72775058797501,4723.133355567374,5.9295874,6.283816666666667e-05,0.00018851449999999996,0.00018851449999999996,0.570855,-661.0074,,,223232,34.0
0.7079078,,,1275.2719,1278.2745,-1.4240768,0.3256826729443844,-0.9332737,500.0,53.43775899955913,6284.696340183306,6.129542,6.250483333333334e-05,0.0001875145,0.0001875145,0.4508133,-670.72217,,,225280,66.4
0.6939255,,,1711.0769,1722.4176,-1.431108,0.5579995011319526,-0.9648129,500.0,65.13647571580246,6567.56846383269,6.4159155,6.21715e-05,0.0001865145,0.0001865145,0.4367833,-680.5785,,,227328,78.0
0.68424094,,,1385.5399,1401.4912,-1.4478621,0.5275440149350435,-0.9832568,500.0,56.9479458639899,7005.764787723549,6.7495527,6.183816666666666e-05,0.00018551449999999997,0.00018551449999999997,0.40341824,-683.5358,,,229376,71.4
0.6872838,,,1651.1492,1673.8333,-1.4432223,0.6093054389041992,-1.0050185,500.0,34.10403448555846,6071.399600581008,7.0198374,6.150483333333333e-05,0.00018451449999999997,0.00018451449999999997,0.41543445,-694.0618,,,231424,40.4
0.7131359,,,1952.1631,1948.1155,-1.4303914,0.32150082179661393,-1.2874366,500.0,17.134556979656885,5190.480157176868,6.9626656,6.117150000000001e-05,0.0001835145,0.0001835145,0.8405323,-691.949,,,233472,19.8
0.7768056,,,1889.5228,1869.9006,-1.4595419,0.49412927227987113,-1.2926368,434.9,145.83232703929076,3539.3134848942877,6.5877304,6.0780000000000004e-05,0.00018234,0.00018234,1.1203996,-703.234,,,235520,88.4
0.7918703,,,1687.5032,1679.3379,-1.4847054,0.5691355421483016,-1.0173329,434.9,161.9071139931179,4232.752966660648,6.55791,6.044666666666667e-05,0.00018134,0.00018134,0.70365185,-707.5988,,,237568,110.2
0.78827536,,,2231.1748,2209.9731,-1.4653242,0.26120627333870744,-0.9692953,421.7,76.83364405093718,5429.959071618339,6.6670656,6.0077166666666675e-05,0.0001802315,0.0001802315,0.5412825,-719.2193,,,239616,103.2
0.78555185,,,2211.846,2190.6997,-1.4665368,0.1419494502670718,-0.95581377,393.1,94.25860175425409,4048.4250616538498,6.71387,5.97915e-05,0.00017937449999999997,0.00017937449999999997,0.5495628,-722.54065,,,241664,121.8
0.77767956,,,2079.9644,2082.052,-1.4489504,0.3305268078316873,-0.93099594,442.3,117.47063568323529,3807.173843429506,6.7460203,5.945816666666667e-05,0.00017837449999999998,0.00017837449999999998,0.51151824,-711.2394,,,243712,126.3
0.76172245,,,1279.2732,1292.1697,-1.4503208,0.41374194563053335,-0.9591309,500.0,74.25831129792658,5063.134184324614,6.825676,5.904150000000001e-05,0.0001771245,0.0001771245,0.50934,-696.203,,,245760,64.3
0.7442435,,,1228.9514,1236.5725,-1.4694482,0.2350867288467356,-0.95087194,500.0,54.67844942404954,5534.103746255587,6.803923,5.8708166666666675e-05,0.0001761245,0.0001761245,0.45641083,-686.0919,,,247808,54.0
0.7253287,,,1835.1287,1828.976,-1.4694726,0.15005172577016485,-0.9476053,500.0,38.31077365070509,6145.171018853033,6.7575965,5.8374833333333336e-05,0.00017512449999999998,0.00017512449999999998,0.39347094,-672.2281,,,249856,36.4
0.7037462,,,1816.9899,1810.9102,-1.4565899,0.3260168998649783,-0.9355377,500.0,40.881962004875035,5361.057852108341,6.9332743,5.80415e-05,0.00017412449999999998,0.00017412449999999998,0.3875689,-669.96674,,,251904,38.6
0.6794678,,,2401.4087,2401.9465,-1.4723006,0.3619838156653145,-0.9299487,500.0,69.88193402447068,4900.036316826899,7.2344246,5.770816666666668e-05,0.0001731245,0.0001731245,0.407976,-667.6688,,,253952,78.9
0.655922,,,2011.8379,2010.2982,-1.4615175,0.2486670486848081,-0.9507038,500.0,67.55036208179604,4539.982237349338,7.4907217,5.737483333333333e-05,0.0001721245,0.0001721245,0.41319212,-669.5049,,,256000,70.7
0.64655083,,,2013.6709,2009.2053,-1.452732,0.12527836617587218,-1.0138701,500.0,37.72080296154017,5668.538654804122,7.4922934,5.7041500000000006e-05,0.0001711245,0.0001711245,0.4005331,-673.1953,,,258048,14.5
0.6589494,,,1443.2655,1439.0056,-1.4564071,0.15837002190702437,-1.1260359,500.0,37.19155975675014,6389.501360244927,7.30388,5.6708166666666674e-05,0.0001701245,0.0001701245,0.4540043,-675.6938,,,260096,13.1
0.70002985,,,2074.3062,2057.4731,-1.4464735,0.11259190144629486,-1.4954844,500.0,30.163238639207908,5947.178492036878,6.9541855,5.6374833333333334e-05,0.00016912449999999997,0.00016912449999999997,1.1973846,-660.8764,,,262144,15.5
0.75475436,,,1913.984,1891.266,-1.4405129,0.47439018081110296,-1.5022764,491.4,115.13562522833718,4787.118465513532,6.657595,5.597250000000001e-05,0.0001679175,0.0001679175,1.2207685,-659.50214,,,264192,60.0
0.78133184,,,841.82294,842.58386,-1.4265635,0.46895248536961515,-1.2127832,491.4,130.15700071373857,5520.709761315853,6.6316595,5.563916666666667e-05,0.00016691749999999997,0.00016691749999999997,0.60022306,-666.996,,,266240,83.1
0.7894274,,,1106.3876,1106.7198,-1.4229027,0.37011337464958405,-1.0367091,500.0,63.498122201362094,5752.666839654188,6.706192,5.5305833333333335e-05,0.00016591749999999997,0.00016591749999999997,0.6711835,-666.23413,,,268288,59.7
0.7854588,,,1827.9691,1821.4834,-1.435113,0.8939055696419343,-0.9131006,466.5,101.30691767813721,5180.287092226512,6.9605036,5.4945e-05,0.00016483499999999998,0.00016483499999999998,0.6211909,-687.8859,,,270336,78.9
0.76370925,,,1604.8324,1597.6101,-1.4357933,0.8796351692548947,-0.85444146,466.5,135.58222056757933,5586.793686665651,7.245701,5.4611666666666664e-05,0.00016383499999999995,0.00016383499999999995,0.5531203,-699.1186,,,272384,125.3
0.7341486,,,1910.9851,1900.43,-1.4466466,0.3641648852735553,-0.81653154,466.5,85.85697029655023,5198.142521255658,7.509317,5.4278333333333345e-05,0.000162835,0.000162835,0.49238864,-703.444,,,274432,90.6
0.70881927,,,1489.9338,1478.2633,-1.452503,0.1368128156454636,-0.96755075,500.0,68.59002194059897,4862.880371933325,7.605237,5.3945e-05,0.00016183499999999998,0.00016183499999999998,0.47307372,-688.7007,,,276480,80.7
0.7170752,,,1565.0411,1558.1111,-1.4762261,0.20762201635536065,-1.1641192,500.0,47.94414329349366,4146.322281757445,7.5556273,5.3611666666666674e-05,0.000160835,0.000160835,0.51884073,-680.3906,,,278528,44.1
0.73943037,,,1603.7095,1613.6566,-1.4759607,0.24570751742682156,-1.2102079,478.4,62.81010564294163,3900.834090615567,7.5456305,5.331433333333333e-05,0.00015994299999999998,0.00015994299999999998,0.56012976,-676.2867,,,280576,44.9
0.7543497,,,1714.832,1718.4235,-1.4489254,0.2391566976439977,-0.99341124,478.4,81.16537842423553,3762.116972336432,7.6940413,5.289766666666667e-05,0.00015869299999999998,0.00015869299999999998,0.44449258,-679.7817,,,282624,77.0
0.7435095,,,1399.0813,1394.4246,-1.4494585,0.16587255250991592,-1.0176052,484.4,56.578774363225605,4390.257019361481,7.827259,5.2564333333333334e-05,0.00015769299999999998,0.00015769299999999998,0.45558935,-668.0268,,,284672,61.7
0.7512349,,,1714.0293,1670.1702,-1.4805772,0.2485732101228165,-1.2207968,451.3,87.55759911836296,3911.0730340952505,7.7405205,5.222883333333334e-05,0.0001566865,0.0001566865,0.59045434,-639.314,,,286720,51.1
0.77208614,,,1783.945,1736.419,-1.4893993,0.17543584350768118,-1.2529011,425.9,98.57127776363014,3022.1264639767455,7.6153,5.193783333333333e-05,0.00015581349999999996,0.00015581349999999996,0.5716559,-634.5804,,,288768,47.5
0.774312,,,1439.2537,1427.2825,-1.4378717,0.0,-0.9458904,425.9,52.78781004522257,2543.845484004389,7.676647,5.16045e-05,0.0001548135,0.0001548135,0.3725496,-651.34424,,,290816,25.8
0.7590095,,,1320.949,1315.0216,-1.4195964,0.015892685646330396,-0.9036525,474.6,43.69960762938996,4479.751584014533,7.729329,5.127116666666667e-05,0.0001538135,0.0001538135,0.44235831,-660.61096,,,292864,38.5
0.74500006,,,1102.2062,1102.8936,-1.4335244,0.27997597398480323,-1.0067421,500.0,71.6588793560399,6768.083719880966,7.9177904,5.0854500000000006e-05,0.0001525635,0.0001525635,0.4389419,-653.0565,,,294912,69.2
0.74135935,,,1579.973,1584.3822,-1.4310815,0.4770674423185518,-1.015427,483.7,108.81392114790224,6287.921013709357,8.244442,5.054833333333333e-05,0.00015164499999999998,0.00015164499999999998,0.4383905,-670.152,,,296960,97.7
0.7497808,,,1646.8502,1603.181,-1.4498136,0.3353517115624628,-1.2413877,483.7,80.62877634255918,5966.4008952828335,8.389064,5.0215e-05,0.00015064499999999998,0.00015064499999999998,0.69113576,-672.58936,,,299008,66.7
0.7947761,,,1866.0549,1762.1638,-1.4612966,0.28434845722596463,-1.2714093,372.4,137.74236464194786,3540.392160663597,8.22779,4.984433333333334e-05,0.00014953299999999998,0.00014953299999999998,0.6757384,-661.41113,,,301056,99.8
0.7988202,,,1204.584,1155.199,-1.4538059,0.2105048480265963,-0.90184575,352.8,97.54039981424579,2489.081624188775,8.325571,4.951466666666666e-05,0.00014854399999999997,0.00014854399999999997,0.3765697,-687.4552,,,303104,60.3
0.7820351,,,1592.6836,1601.2463,-1.4701372,0.06192218909982159,-0.7854853,447.8,38.87406203552304,3400.5203933313483,8.464525,4.9181333333333336e-05,0.000147544,0.000147544,0.39978468,-688.31067,,,305152,32.8
0.75787115,,,1951.0485,1952.7703,-1.458024,0.02976195784234905,-0.8197503,500.0,4.995911275141247,4636.178829570953,8.638843,4.8848000000000004e-05,0.000146544,0.000146544,0.4284858,-676.2579,,,307200,5.4
0.72635436,,,2383.4124,2381.7922,-1.4286608,0.02632414337006992,-0.8431692,451.1,4.293855562981346,5538.477627119345,8.96292,4.851283333333334e-05,0.0001455385,0.0001455385,0.5046528,-673.3188,,,309248,0.0
0.7049483,,,2043.1738,2032.5371,-1.4460899,0.02632414337006992,-0.90529364,429.0,25.38824386019433,4156.866624003482,9.088302,4.813300000000001e-05,0.000144399,0.000144399,0.5973142,-673.06384,,,311296,15.7
0.70842654,,,1669.6003,1663.6957,-1.4513587,0.0,-1.0560321,457.7,33.80115501664336,3534.885755903316,8.964537,4.783333333333334e-05,0.0001435,0.0001435,0.5460349,-656.66113,,,313344,25.2
0.7306726,,,1967.2428,1955.7777,-1.4524133,0.007041615500587661,-1.1538545,479.5,28.74445653464599,4252.042102110688,8.790597,4.75e-05,0.0001425,0.0001425,0.49270478,-635.1168,,,315392,21.3
0.7688898,,,1532.9115,1519.9441,-1.4626908,0.02244416749727718,-1.2636541,500.0,21.601729258869035,5222.500705680121,8.498217,4.716666666666667e-05,0.0001415,0.0001415,0.34138957,-614.10736,,,317440,9.5
0.8051342,,,1416.7942,1407.2045,-1.4627604,0.09831913796307248,-1.21181,500.0,40.790636915019974,5441.5946433585505,8.201807,4.683333333333334e-05,0.0001405,0.0001405,0.2928228,-601.13666,,,319488,14.8
0.8191252,,,1572.6682,1564.9056,-1.4569824,0.22720048145751334,-0.9843791,487.0,109.04557141184026,5384.865072810155,8.230776,4.643833333333334e-05,0.000139315,0.000139315,0.29297227,-608.26965,,,321536,77.7
0.808376,,,1648.5836,1643.8049,-1.4633555,0.4014022115682632,-0.93312514,487.0,130.7281538678304,5257.99842712685,8.46108,4.6105e-05,0.00013831499999999997,0.00013831499999999997,0.31694466,-622.4268,,,323584,104.5
0.79722774,,,1697.199,1706.884,-1.43475,0.6577984280841579,-0.9619452,487.0,173.5968036980299,5753.896410778204,8.705286,4.577166666666667e-05,0.000137315,0.000137315,0.30136803,-635.6229,,,325632,142.6
0.7860836,,,1656.9314,1659.0267,-1.4704973,0.2785201774093334,-1.0604914,376.8,82.03663750268899,3786.1574957102007,9.309386,4.5393666666666665e-05,0.00013618099999999998,0.00013618099999999998,0.4456632,-656.5097,,,327680,64.2
0.80040216,,,2599.0012,2630.5564,-1.4911975,0.0,-1.5006378,356.9,22.240541617701687,2333.47809076543,9.293321,4.50935e-05,0.00013528049999999997,0.00013528049999999997,1.2015789,-639.2616,,,329728,0.0
0.85655785,,,2711.8215,2756.8325,-1.4369192,0.12831782365040242,-1.7260902,396.6,98.46063667161478,2186.963149412979,8.954058,4.4732666666666666e-05,0.00013419799999999998,0.00013419799999999998,1.1867092,-638.1117,,,331776,64.4
0.8823199,,,1509.9437,1528.9551,-1.4533119,0.25245888589349086,-1.2013319,384.7,104.28146271317651,1444.0359581587586,8.964918,4.436900000000001e-05,0.00013310699999999998,0.00013310699999999998,0.39144072,-673.76624,,,333824,85.1
0.89068615,,,1154.542,1150.4774,-1.4655749,0.12414106224308843,-1.1378285,419.5,39.33102573262029,1779.2016803644922,8.968754,4.4033500000000005e-05,0.0001321005,0.0001321005,0.30378962,-667.54236,,,335872,34.7
0.90594643,,,1325.2473,1314.5339,-1.4693542,0.09300399408477711,-1.1517111,451.3,40.621806384360134,3907.32678692573,8.998758,4.3700166666666665e-05,0.00013110049999999997,0.00013110049999999997,0.29856107,-663.9974,,,337920,43.3
0.91784155,,,1403.9069,1387.1677,-1.47422,0.23150442389133302,-1.0746123,500.0,97.92467916019659,6135.791213755946,9.147828,4.336683333333333e-05,0.00013010049999999997,0.00013010049999999997,0.30180404,-683.93964,,,339968,91.5
0.9140357,,,1156.278,1138.5461,-1.4686534,0.27806735664834853,-0.9692879,466.5,110.67116530055432,5136.948470056485,9.412536,4.3006e-05,0.00012901799999999998,0.00012901799999999998,0.2919393,-707.3839,,,342016,97.4
0.9074956,,,1216.1838,1185.7312,-1.4335132,0.13956692684179264,-0.9562651,394.1,84.85267489630505,4061.6535586529562,9.440062,4.271e-05,0.00012813,0.00012813,0.32364765,-696.4516,,,344064,81.8
0.90536153,,,1659.6774,1626.1078,-1.4207504,0.0,-0.98730356,413.1,89.59145460991076,4193.77031293559,9.447791,4.2376666666666664e-05,0.00012712999999999998,0.00012712999999999998,0.34213883,-694.25964,,,346112,89.1
0.90060073,,,1888.3362,1869.1166,-1.4276106,0.0,-0.96803105,464.7,64.99797454414603,3299.910576382578,9.572681,4.204333333333334e-05,0.00012613,0.00012613,0.3322931,-683.22876,,,348160,66.1
0.8889469,,,1678.49,1653.0342,-1.4621992,0.0,-1.0644809,496.3,11.905691300862944,3379.1969803990883,9.698969,4.163283333333333e-05,0.00012489849999999998,0.00012489849999999998,0.43050152,-677.4584,,,350208,10.9
0.920576,,,2354.2566,2372.9253,-1.4696525,0.18660252157084128,-1.4779303,299.6,75.74342023133491,848.8529129184157,9.5397625,4.1294e-05,0.000123882,0.000123882,0.5197427,-672.765,,,352256,46.6
0.9402453,,,2040.0117,2058.5469,-1.3995287,0.0,-0.9963462,233.1,21.916094990896596,-11.864223683834007,9.566778,4.095166666666666e-05,0.00012285499999999997,0.00012285499999999997,0.28582287,-690.45795,,,354304,7.7
0.93179655,,,1818.8425,1824.1619,-1.4256775,0.04435518014559046,-0.84846956,360.5,25.652349653844816,1962.1189366269846,9.595899,4.061833333333334e-05,0.00012185499999999999,0.00012185499999999999,0.2676642,-677.256,,,356352,8.2
0.91605556,,,1968.6344,1967.7719,-1.4342517,0.04435518014559046,-0.87533313,475.2,30.323246391932685,4853.06122604804,9.668705,4.0285000000000005e-05,0.00012085500000000001,0.00012085500000000001,0.327694,-653.2738,,,358400,11.1
0.90978134,,,2123.0273,2083.479,-1.4376657,0.04435518014559046,-1.1844577,439.8,24.38872371156405,5064.551281284453,9.598953,3.996866666666666e-05,0.00011990599999999997,0.00011990599999999997,0.6873396,-655.0758,,,360448,7.3
0.9327181,,,2470.9292,2432.5784,-1.4462587,0.10935100898656265,-1.3247716,391.7,56.750225293742346,2330.225043339148,9.386912,3.963216666666667e-05,0.00011889649999999999,0.00011889649999999999,0.717209,-640.5029,,,362496,36.5
0.95185614,,,1959.926,1947.237,-1.416756,0.2855594849217338,-1.1791025,429.3,74.91367332231496,2561.6032688894857,9.27218,3.9300000000000007e-05,0.00011789999999999999,0.00011789999999999999,0.5875114,-624.39954,,,364544,52.6
0.9507748,,,1342.8835,1334.0494,-1.40161,0.2226031927493186,-0.96665925,476.5,50.457614789965035,4378.333232712727,9.284796,3.8966666666666674e-05,0.00011690000000000001,0.00011690000000000001,0.45502943,-636.9187,,,366592,26.2
0.9395753,,,982.3405,973.51154,-1.4049627,0.25316678652199903,-0.8870033,500.0,27.443931181084118,6075.419331705029,9.299734,3.8633333333333335e-05,0.00011589999999999998,0.00011589999999999998,0.3133641,-650.4596,,,368640,7.5
0.922159,,,1281.5469,1272.639,-1.4465941,0.12575834420534487,-0.9234187,494.7,24.2066354937705,4941.42928857246,9.321654,3.82255e-05,0.00011467649999999999,0.00011467649999999999,0.41599566,-655.3743,,,370688,11.3
0.90927535,,,1272.6547,1270.4712,-1.4226823,0.060521351023315836,-0.95302296,461.6,30.145751290914085,4040.42186239683,9.272086,3.7947333333333335e-05,0.00011384199999999999,0.00011384199999999999,0.37584797,-644.04114,,,372736,17.5
0.9038129,,,1512.2068,1506.8171,-1.4016902,0.0,-0.9421848,465.6,22.82278956813679,4521.068682845899,9.136,3.7614e-05,0.000112842,0.000112842,0.42368555,-628.1178,,,374784,10.4
0.89000833,,,1395.174,1389.8909,-1.4058244,0.03588872348195031,-0.9118746,500.0,13.774884025674492,6874.032132824165,9.141782,3.719733333333334e-05,0.000111592,0.000111592,0.37976393,-624.8298,,,376832,1.2
0.8716308,,,1663.0496,1652.1351,-1.4214834,0.13110387163849485,-0.93836725,486.3,34.54826262078889,6881.814695937013,9.312737,3.6886833333333334e-05,0.0001106605,0.0001106605,0.3498215,-621.50555,,,378880,5.6
0.8652962,,,2225.735,2216.1643,-1.4069097,0.13855732318470876,-0.97268534,486.3,34.78703559630398,5779.521957890163,9.364894,3.655350000000001e-05,0.00010966050000000001,0.00010966050000000001,0.31737933,-624.62585,,,380928,5.6
0.8646334,,,1428.5277,1431.2753,-1.3890187,0.08073035303623737,-1.0024744,500.0,26.034284455743,5460.829223439077,9.342778,3.622016666666667e-05,0.00010866049999999999,0.00010866049999999999,0.23933809,-627.5066,,,382976,1.1
0.86523455,,,1395.7993,1389.3215,-1.3796599,0.13187457877421818,-1.0542161,500.0,21.11956566102873,5420.145220920629,9.330373,3.588683333333334e-05,0.00010766049999999999,0.00010766049999999999,0.29584002,-635.22314,,,385024,0.0
0.890874,,,1915.7526,1888.1471,-1.3908403,0.17197191324055414,-1.2002795,464.5,43.69660870957248,4794.489933404952,9.111052,3.552933333333334e-05,0.00010658799999999999,0.00010658799999999999,0.44232506,-631.4159,,,387072,25.0
0.9186425,,,1531.3741,1508.2532,-1.3839276,0.07423720630282453,-1.1163678,402.2,36.50620335346038,3512.295159144201,8.9285755,3.52165e-05,0.00010564949999999997,0.00010564949999999997,0.42535645,-631.5321,,,389120,28.4
0.91989946,,,1572.0845,1568.4088,-1.3969676,0.051479768574774765,-0.901229,402.2,19.193255282535024,3262.90718242667,8.90405,3.4883166666666665e-05,0.00010464949999999999,0.00010464949999999999,0.32025176,-632.20135,,,391168,15.8
0.9108011,,,1781.1367,1767.4033,-1.407778,0.051479768574774765,-0.96107733,500.0,10.705578529171115,4807.731272627401,8.835585,3.44665e-05,0.00010339949999999998,0.00010339949999999998,0.52810395,-633.2533,,,393216,10.6
0.91283333,,,2361.8562,2328.65,-1.3988523,0.0,-1.017833,500.0,2.0857034154331857,5735.769356603412,8.730997,3.4133166666666674e-05,0.0001023995,0.0001023995,0.6224376,-627.4323,,,395264,0.0
0.91452134,,,1832.5754,1819.8428,-1.3960859,0.032220511991998844,-0.94627285,450.7,18.665139250682667,4850.419192626094,8.573,3.3798666666666665e-05,0.00010139599999999999,0.00010139599999999999,0.46234998,-601.3622,,,397312,0.0
0.8947902,,,1595.4498,1608.8612,-1.4323237,0.13056843799280185,-0.8658559,401.3,34.66956780975532,4264.716730940328,8.561854,3.346433333333333e-05,0.00010039299999999999,0.00010039299999999999,0.5103637,-603.86365,,,399360,2.3
0.87531376,,,1971.9772,1973.8303,-1.4318621,0.1209075841770773,-0.9089855,450.6,46.84697263260715,6094.033011248501,8.678387,3.3131e-05,9.939299999999999e-05,9.939299999999999e-05,0.43889755,-622.0542,,,401408,2.3
0.86499655,,,2292.9104,2290.4658,-1.4444001,0.12671525251011392,-0.96198195,500.0,43.32831583099933,6670.657325911257,8.730293,3.279766666666667e-05,9.8393e-05,9.8393e-05,0.3303433,-633.9701,,,403456,2.3
0.8622761,,,2301.2615,2302.9038,-1.4234917,0.03520381756312709,-1.0104525,500.0,19.45945997176612,6636.632257301486,8.732824,3.246433333333333e-05,9.739299999999998e-05,9.739299999999998e-05,0.30238566,-653.5444,,,405504,0.0
0.8640264,,,1679.7393,1669.8004,-1.4082682,0.049745118930006285,-0.9964012,450.8,6.712955833098846,6306.234421182628,8.762625,3.212966666666667e-05,9.638899999999999e-05,9.638899999999999e-05,0.2910138,-651.6334,,,407552,0.0
0.8708924,,,1281.6091,1260.84,-1.4024203,0.0914057342365198,-1.083299,450.8,24.32789023960103,6509.369246365407,8.790104,3.179633333333334e-05,9.5389e-05,9.5389e-05,0.30417287,-657.29913,,,409600,0.4
0.8970898,,,1322.5656,1301.9545,-1.391985,0.10393303542407387,-1.0893985,441.7,49.99306664744855,5863.478043891144,8.749309,3.13935e-05,9.418049999999998e-05,9.418049999999998e-05,0.28770572,-684.1636,,,411648,25.0
0.9042131,,,969.1963,957.3563,-1.4053617,0.1599135122959485,-0.9753872,441.7,37.684293570140056,3553.757193060522,8.821621,3.106016666666667e-05,9.31805e-05,9.31805e-05,0.24784991,-701.0104,,,413696,28.0
0.8962881,,,836.4227,824.37274,-1.406607,0.09764109217838816,-0.92998046,436.9,20.86382384948941,2220.8095098826852,8.965441,3.075983333333333e-05,9.227949999999998e-05,9.227949999999998e-05,0.26934546,-701.462,,,415744,15.1
0.9000281,,,1703.9645,1648.0403,-1.4161618,0.0,-1.1204202,460.7,35.72822033515357,3139.738386401601,8.921623,3.0375666666666668e-05,9.1127e-05,9.1127e-05,0.53208107,-688.55133,,,417792,20.4
0.9122103,,,1823.9216,1765.9769,-1.4137392,0.015196762196656643,-1.1389793,445.7,50.18691750196373,3299.8087024933316,8.822332,3.0076499999999996e-05,9.022949999999997e-05,9.022949999999997e-05,0.5255631,-678.3567,,,419840,42.1
0.91359454,,,1589.7932,1589.0051,-1.4011488,0.015196762196656643,-0.91328555,460.0,63.676760032401816,3533.5040106536785,8.805465,2.9743166666666667e-05,8.922949999999999e-05,8.922949999999999e-05,0.35938376,-678.4709,,,421888,53.9
0.89533615,,,1429.9742,1431.3805,-1.3883535,0.003090121179467986,-0.8939296,450.6,16.894485172479897,3852.9993532266876,8.855196,2.940883333333333e-05,8.822649999999997e-05,8.822649999999997e-05,0.2624699,-674.821,,,423936,11.8
0.88717306,,,1519.7117,1508.6428,-1.4183689,0.003090121179467986,-0.991433,450.6,7.296398688214447,4613.906564145251,8.951517,2.90755e-05,8.722649999999999e-05,8.722649999999999e-05,0.29735008,-678.2414,,,425984,0.4
0.89908934,,,1902.416,1804.5514,-1.4244763,0.0,-1.280117,452.3,7.758604340234205,5685.838751533212,8.942163,2.8738333333333332e-05,8.621499999999999e-05,8.621499999999999e-05,0.5483338,-684.657,,,428032,0.4
0.93097097,,,2014.9535,1884.3416,-1.4170259,0.3203050824077455,-1.439585,452.3,62.86839282132306,4970.565383322044,8.788675,2.832166666666667e-05,8.4965e-05,8.4965e-05,0.6801178,-693.8331,,,430080,58.7
0.95216495,,,1612.04,1570.1648,-1.4042052,0.40526233493426067,-1.0888455,451.8,89.96001077567381,3798.7852546539702,8.696976,2.798533333333333e-05,8.395599999999998e-05,8.395599999999998e-05,0.4242826,-706.43555,,,432128,86.4
0.95119476,,,2050.9702,2035.1418,-1.4085083,0.11787164659260381,-0.96131545,451.8,39.56891340205415,3976.5670000028795,8.733629,2.7652e-05,8.295599999999998e-05,8.295599999999998e-05,0.5129368,-711.8234,,,434176,38.4
0.953808,,,1635.3424,1621.9143,-1.4227302,0.08017773247399551,-1.0425113,451.8,20.998311509881006,5281.335242764419,8.762999,2.731866666666667e-05,8.1956e-05,8.1956e-05,0.4200438,-712.2699,,,436224,7.4
0.95668775,,,1199.7961,1182.6113,-1.4405866,0.08017773247399551,-1.0505619,500.0,21.50663605387503,6651.011181403481,8.796431,2.698533333333333e-05,8.095599999999998e-05,8.095599999999998e-05,0.3437174,-719.80725,,,438272,7.4
0.95635223,,,1033.4476,1015.9315,-1.4283735,0.03054203004993792,-1.0242105,500.0,14.642209557764556,6516.636935474705,8.824308,2.6651999999999998e-05,7.995599999999999e-05,7.995599999999999e-05,0.36064166,-725.07245,,,440320,6.7
0.9701754,,,1473.6483,1450.1818,-1.3815821,0.0105246949625039,-1.229031,450.8,14.181143983862592,4647.416547344403,8.749124,2.631733333333334e-05,7.8952e-05,7.8952e-05,0.4978457,-726.12463,,,442368,0.0
0.9879694,,,1449.9686,1425.1072,-1.391137,0.139748491415319,-1.1698984,450.8,61.72068443433526,4587.401305301523,8.665115,2.5983999999999997e-05,7.795199999999997e-05,7.795199999999997e-05,0.4337821,-712.3151,,,444416,42.3
0.99048984,,,1934.4752,1915.9486,-1.3977354,0.21765721096575286,-0.9681117,500.0,74.78344197684727,5592.65681158328,8.69773,2.5650666666666668e-05,7.695199999999999e-05,7.695199999999999e-05,0.3689782,-702.7057,,,446464,52.5
0.9771658,,,1904.7838,1895.8073,-1.3807169,0.09073349261855793,-0.9306461,451.1,60.86735724579103,5752.153569401609,8.823112,2.5315500000000002e-05,7.59465e-05,7.59465e-05,0.3620427,-709.5882,,,448512,41.8
0.9766216,,,2102.0674,2095.9783,-1.417492,0.012824773068124084,-1.0425367,432.4,47.98282265416807,4445.897576466712,8.843719,2.4929999999999997e-05,7.478999999999998e-05,7.478999999999998e-05,0.38469702,-707.69006,,,450560,27.5
0.98420554,,,2314.2908,2305.2751,-1.4316747,0.012824773068124084,-1.067492,471.3,29.45852821723612,4089.1189372854083,8.769588,2.4613333333333334e-05,7.383999999999998e-05,7.383999999999998e-05,0.33678824,-693.80383,,,452608,14.0
0.9851796,,,3173.808,3158.53,-1.4083763,0.0,-0.9981184,471.3,13.290646389096981,4491.460193260335,8.79403,2.428e-05,7.284e-05,7.284e-05,0.31751746,-684.9073,,,454656,5.0
0.98874694,,,3050.2634,3011.7783,-1.398991,0.021448398797479083,-1.1955893,500.0,8.690261687448453,5162.901018137347,8.936015,2.3946666666666672e-05,7.184e-05,7.184e-05,0.350725,-717.97644,,,456704,0.0
1.0158726,,,3620.891,3397.968,-1.3899763,0.021448398797479083,-1.6030853,451.1,9.159511103950894,5419.172482758724,8.926729,2.36115e-05,7.083449999999999e-05,7.083449999999999e-05,0.4325615,-836.66034,,,458752,0.0
1.0436904,,,3649.4207,3295.6484,-1.3988519,0.20299676386489685,-1.580971,451.1,40.66850296841791,4733.181853655556,8.827177,2.3278166666666667e-05,6.983449999999999e-05,6.983449999999999e-05,0.45875645,-909.0123,,,460800,28.4
1.0706984,,,4044.732,3890.5398,-1.3958234,0.3581202284220697,-1.1759081,393.1,102.03356125357746,3109.8996918811026,8.900476,2.2873e-05,6.861899999999999e-05,6.861899999999999e-05,0.44939166,-891.401,,,462848,63.7
1.0813875,,,4135.9365,4100.4126,-1.4020498,0.0,-1.1700332,350.0,44.08018476750593,2565.2633486036366,8.954535,2.2528166666666672e-05,6.75845e-05,6.75845e-05,0.4461215,-874.16144,,,464896,17.0
1.0992125,,,2812.1484,2727.1897,-1.4105818,0.0,-1.1521857,372.8,45.41518397861544,1144.0444805851141,8.934301,2.2208666666666666e-05,6.6626e-05,6.6626e-05,0.3770476,-903.27264,,,466944,21.8
1.1258047,,,5454.6104,5325.925,-1.4547323,0.10961313380120238,-1.472523,186.4,69.07963978244123,-1058.448343777528,8.841893,2.1835833333333332e-05,6.550749999999999e-05,6.550749999999999e-05,0.5530715,-914.42615,,,468992,50.4
1.1312833,,,1457.8217,1475.967,-1.4055227,0.3005505915317032,-0.8243227,242.1,127.89262037351568,-310.6542811246477,8.861617,2.1522833333333337e-05,6.45685e-05,6.45685e-05,0.26953083,-895.29456,,,471040,76.2
1.1178758,,,1898.3785,1888.3613,-1.4396946,0.06792882279355605,-1.0962642,191.0,86.9797162625936,-443.00116601200864,8.920706,2.116383333333334e-05,6.34915e-05,6.34915e-05,0.32780048,-881.71094,,,473088,48.0
1.1337135,,,2519.1877,2544.7002,-1.4141958,0.06792882279355605,-1.4299572,259.8,140.38688566620456,-1670.7810625191141,8.991209,2.0852166666666673e-05,6.255650000000001e-05,6.255650000000001e-05,0.34631935,-909.91064,,,475136,113.2
1.1657591,,,1390.0408,1418.3932,-1.3844849,0.0,-1.4830923,251.0,113.7244491763192,-2025.6136277843252,9.130339,2.048e-05,6.144e-05,6.144e-05,0.3855138,-975.8495,,,477184,133.9
1.1952364,,,3270.2407,3394.9731,-1.3658186,0.16447700761130166,-1.8342956,248.5,114.78566285692952,-3129.293494991718,9.177465,2.0153833333333337e-05,6.0461500000000004e-05,6.0461500000000004e-05,0.5417303,-1061.8259,,,479232,133.3
1.2375302,,,826.4997,826.8286,-1.2562464,0.0,-1.6129837,93.9,19.13902378671871,-1199.0632147929912,9.048923,1.9788666666666666e-05,5.9365999999999994e-05,5.9365999999999994e-05,0.31728297,-1243.8555,,,481280,3.6
1.2533653,,,2944.6436,2992.9338,-1.3394464,0.0,-1.3678013,127.7,11.64280570724078,-1918.0311428687623,8.736405,1.945516666666667e-05,5.8365499999999995e-05,5.8365499999999995e-05,0.5961391,-1200.7281,,,483328,11.9
1.2511708,,,1609.1693,1632.9469,-1.2753961,0.060492742845527483,-0.72287613,205.2,18.664296049063193,-919.2203215284859,8.691751,1.914066666666666e-05,5.742199999999998e-05,5.742199999999998e-05,0.9740654,-1159.4402,,,485376,29.9
1.2360046,,,2753.7263,2774.2673,-1.2301334,0.11042614735189389,-0.51048225,279.6,27.68083909086233,-485.25502985099047,8.732317,1.882166666666667e-05,5.6465e-05,5.6465e-05,0.9231392,-1095.5039,,,487424,26.4
1.2204212,,,2897.5806,2923.5508,-1.2539699,0.07219298243627492,-0.52528393,391.4,20.3699526224707,656.7198088239796,8.773431,1.848833333333333e-05,5.5464999999999985e-05,5.5464999999999985e-05,0.7508491,-1046.0841,,,489472,24.4
1.2024868,,,1900.5883,1923.4928,-1.2658086,0.008582981700091108,-0.5622924,460.6,10.147939214414299,373.18950762733067,8.838546,1.8154999999999998e-05,5.4464999999999994e-05,5.4464999999999994e-05,0.97896576,-1001.99335,,,491520,16.5
1.1833621,,,2330.106,2347.0825,-1.2783566,0.0,-0.6145022,500.0,3.53135682678496,-41.92962496693635,8.887972,1.782166666666667e-05,5.3465000000000004e-05,5.3465000000000004e-05,1.0853902,-950.2593,,,493568,8.2
1.1582636,,,2196.243,2192.8315,-1.249818,0.0,-0.6817081,451.3,7.195418482344975,855.5648883622077,8.951522,1.7402833333333336e-05,5.22085e-05,5.22085e-05,0.50573516,-885.72003,,,495616,9.5
1.1426224,,,1926.6335,1921.2516,-1.2630295,0.0,-0.7648833,391.1,11.628093561191355,1101.9066169145112,9.048343,1.7086500000000007e-05,5.1259500000000006e-05,5.1259500000000006e-05,0.39105314,-844.4276,,,497664,15.2
1.1314753,,,1563.3976,1581.08,-1.2819449,0.0,-0.85830057,388.4,7.916761024627585,388.26186423897013,9.120979,1.6755500000000002e-05,5.02665e-05,5.02665e-05,0.5015566,-811.813,,,499712,8.8
1.1249454,,,1506.7058,1541.2532,-1.2846,0.0,-0.9379503,401.0,4.027201744256777,-571.1405774023518,9.068608,1.6418166666666668e-05,4.9254499999999994e-05,4.9254499999999994e-05,0.4874251,-775.3159,,,501760,6.6
1.1226254,,,1239.6343,1271.3191,-1.2795048,0.0,-0.9716255,452.4,0.7116017403831065,-994.1428924713512,8.999446,1.608483333333334e-05,4.825450000000001e-05,4.825450000000001e-05,0.28591916,-747.3154,,,503808,3.5
1.1217239,,,1334.5138,1349.5134,-1.2726004,0.0,-0.98412734,500.0,3.2438165277448485,185.37839706893323,8.959314,1.5751499999999996e-05,4.7254499999999986e-05,4.7254499999999986e-05,0.30391294,-723.13635,,,505856,1.2
1.121432,,,1229.2737,1247.4034,-1.2670472,0.0,-1.0033505,500.0,7.170620585119136,1583.1640444461586,8.909124,1.5418166666666667e-05,4.6254499999999996e-05,4.6254499999999996e-05,0.31803173,-699.5543,,,507904,3.4
1.1232677,,,1020.15955,1034.4626,-1.2642041,0.0,-1.0043441,500.0,7.123634460952855,1270.82010389018,8.802956,1.5084833333333337e-05,4.5254500000000005e-05,4.5254500000000005e-05,0.2721296,-680.638,,,509952,3.4
1.1243451,,,865.4422,871.87683,-1.2697319,0.0,-0.99049866,500.0,0.9210301437227258,844.1971718236118,8.703035,1.4668166666666671e-05,4.400450000000001e-05,4.400450000000001e-05,0.22439118,-662.73914,,,512000,0.0
1.121214,,,1176.7373,1193.3779,-1.3009485,0.0,-0.96751183,500.0,2.4306167486228576,1316.6669742196286,8.650918,1.433483333333333e-05,4.3004499999999984e-05,4.3004499999999984e-05,0.3629463,-651.1431,,,514048,0.0
1.1155889,,,1569.6178,1579.0159,-1.2805787,0.0,-0.943884,500.0,2.4306167486228576,2616.2317976879344,8.589055,1.4001500000000001e-05,4.2004499999999994e-05,4.2004499999999994e-05,0.35394192,-643.6254,,,516096,0.0
1.1086425,,,1669.008,1684.9633,-1.2857391,0.0,-0.9353204,500.0,3.0775866975714052,4198.461617984338,8.522297,1.366816666666667e-05,4.1004500000000004e-05,4.1004500000000004e-05,0.36185855,-640.68243,,,518144,0.0
1.1006057,,,1444.5203,1446.9702,-1.2732683,0.0073661759285065685,-0.9042096,500.0,5.5652243857056165,5303.24072745714,8.467842,1.333483333333333e-05,4.0004499999999986e-05,4.0004499999999986e-05,0.19248863,-644.1297,,,520192,3.4
1.0900981,,,1438.1483,1437.1357,-1.2991705,0.037755012258692246,-0.90408975,500.0,20.865231379748582,6333.78400758676,8.4435215,1.3001499999999999e-05,3.9004499999999996e-05,3.9004499999999996e-05,0.18379056,-648.1839,,,522240,7.8
1.0787392,,,1338.3567,1328.0938,-1.3062066,0.030388836330185676,-0.8983263,500.0,18.365991861404538,6026.154502007668,8.46851,1.266816666666667e-05,3.8004500000000005e-05,3.8004500000000005e-05,0.18281636,-657.6189,,,524288,4.4
1.0681605,,,1236.7089,1230.2439,-1.294359,0.04017753175997494,-0.8853161,500.0,24.448947730307232,6229.507535088289,8.528352,1.233483333333333e-05,3.700449999999998e-05,3.700449999999998e-05,0.16447854,-667.30927,,,526336,3.0
1.0585941,,,1698.3552,1704.4387,-1.3023102,0.029751688205122417,-0.903889,500.0,20.695826373287666,6698.590297870809,8.6078615,1.2001499999999999e-05,3.600449999999999e-05,3.600449999999999e-05,0.74905455,-671.91833,,,528384,3.0
1.0499715,,,1203.4329,1211.6768,-1.2966552,0.06104969218368692,-0.9324706,500.0,26.8084350484534,7173.629007594701,8.706205,1.166816666666667e-05,3.50045e-05,3.50045e-05,0.7498621,-671.8678,,,530432,3.0
1.0423009,,,1419.9299,1425.7142,-1.2997029,0.11537821392779073,-0.9469226,500.0,20.082433809070743,6944.5247440660705,8.798969,1.1334833333333339e-05,3.400450000000001e-05,3.400450000000001e-05,0.17370914,-675.6996,,,532480,0.0
1.0335847,,,2227.5823,2212.129,-1.2802396,0.09111824748402268,-0.9381901,500.0,7.467920692041018,4829.02933435005,8.894682,1.0918166666666663e-05,3.2754499999999986e-05,3.2754499999999986e-05,0.18709818,-678.3581,,,534528,0.0
1.027095,,,2208.2466,2188.9587,-1.2856413,0.03979587079806324,-0.9163557,500.0,2.971276964969261,2646.2539048616586,8.953207,1.0584833333333332e-05,3.1754499999999996e-05,3.1754499999999996e-05,0.19843769,-677.10956,,,536576,0.0
1.0208834,,,1885.116,1875.5994,-1.2867749,0.01600075923259847,-0.9243809,500.0,3.2329433230522326,3526.1528343904306,9.008493,1.0251500000000003e-05,3.0754500000000005e-05,3.0754500000000005e-05,0.22117479,-669.45166,,,538624,0.0
1.0154316,,,1995.8103,2009.8909,-1.2744186,0.018526525431120655,-0.95459235,500.0,4.40150390751379,4581.639228436026,9.081377,9.918166666666663e-06,2.975449999999998e-05,2.975449999999998e-05,0.5187608,-664.11444,,,540672,0.0
1.0115433,,,3222.5544,3527.209,-1.2235669,0.0025257661985221835,-1.0888351,424.2,2.361278054807535,2736.3233725904524,9.138573,9.627833333333336e-06,2.8883500000000002e-05,2.8883500000000002e-05,1.2093061,-673.8231,,,542720,0.0
1.0193777,,,4200.092,4967.4365,-1.2453855,0.0,-1.5032569,424.2,4.996147966015741,2243.7838851626348,9.078049,9.21116666666667e-06,2.763350000000001e-05,2.763350000000001e-05,1.5325758,-649.7707,,,544768,0.0
1.0411626,,,2137.9788,2227.77,-1.3052244,0.19240640170773585,-1.9224052,286.0,25.79066082508171,-48.60620637369357,9.013217,8.901166666666672e-06,2.670350000000001e-05,2.670350000000001e-05,0.7878771,-742.97375,,,546816,23.1
1.0470073,,,1621.5868,1696.3295,-1.2719327,0.38881130222440485,-1.4407666,258.4,51.61437844120125,-618.4984036847662,9.009088,8.573166666666666e-06,2.5719499999999993e-05,2.5719499999999993e-05,0.9739124,-795.1945,,,548864,87.8
1.0474536,,,1115.5044,1177.7156,-1.2645807,0.30338357685971795,-1.0296332,396.8,51.91333448588026,751.0725434568146,9.029417,8.239833333333335e-06,2.4719500000000003e-05,2.4719500000000003e-05,0.97087634,-810.3878,,,550912,92.2
1.044142,,,1080.8683,1113.5321,-1.2878923,0.03790948567788262,-0.80915755,465.5,25.637738733488597,1839.1483020352177,9.057213,7.880666666666669e-06,2.3642000000000005e-05,2.3642000000000005e-05,0.82331866,-802.7098,,,552960,50.2
1.0374048,,,2152.4192,2182.0051,-1.3160294,0.004258263094926029,-0.8347641,351.3,12.005297192607589,863.2613372412164,9.058978,7.571000000000006e-06,2.2713000000000014e-05,2.2713000000000014e-05,0.64937,-770.07166,,,555008,21.2
1.0305766,,,875.9798,883.4619,-1.2988346,0.0,-0.9205225,245.6,0.0,341.5929264261957,9.118707,7.161666666666666e-06,2.1484999999999995e-05,2.1484999999999995e-05,1.539556,-743.86237,,,557056,0.0
1.0284989,,,1003.91016,994.34314,-1.2885178,0.0,-0.92392844,215.0,0.0,-716.0439858673301,9.152815,6.870333333333334e-06,2.0611e-05,2.0611e-05,0.39299497,-729.5428,,,559104,0.0
1.0262948,,,1636.6663,1631.1482,-1.3049313,0.0,-0.90249854,355.5,0.6731879079139892,1406.4335744569191,9.163256,6.5370000000000045e-06,1.961100000000001e-05,1.961100000000001e-05,0.3508976,-726.43005,,,561152,0.0
1.0222399,,,2147.0747,2155.267,-1.2888048,0.0,-0.8827733,470.1,0.6731879079139892,2461.9757110460964,9.154512,6.203666666666663e-06,1.861099999999999e-05,1.861099999999999e-05,0.42801318,-713.6022,,,563200,0.0
1.0169938,,,2062.2866,2170.1855,-1.2769767,0.0,-0.95813304,500.0,0.0,1899.9564150637398,9.102402,5.870333333333333e-06,1.7610999999999998e-05,1.7610999999999998e-05,0.7250128,-703.5714,,,565248,0.0
1.0168858,,,4224.4556,4444.0474,-1.3094735,0.0,-1.3082985,500.0,0.46597340855707864,4019.7486138873073,9.003458,5.453666666666668e-06,1.6361e-05,1.6361e-05,1.4749252,-670.1868,,,567296,0.0
1.023231,,,4094.0188,4306.257,-1.3171957,0.07824289300483549,-1.7032845,500.0,18.068782082044947,3785.272681460553,8.957889,5.120333333333338e-06,1.536100000000001e-05,1.536100000000001e-05,1.3402482,-702.41547,,,569344,17.4
1.0315984,,,2601.033,2706.31,-1.2688302,0.2616526348198086,-1.8392807,442.1,48.456971913366466,119.58937965142768,8.953039,4.800166666666672e-06,1.4400500000000014e-05,1.4400500000000014e-05,0.83980227,-818.5288,,,571392,55.4
1.0357896,,,2184.2488,2241.2256,-1.2607789,0.24339456766401907,-1.5392396,442.1,62.685227243419774,-388.0085234072275,8.955829,4.466833333333331e-06,1.3400499999999991e-05,1.3400499999999991e-05,0.7345016,-872.2064,,,573440,86.1
1.0373139,,,2124.101,2141.8313,-1.2512916,0.18087417947191203,-1.1147728,476.7,50.992165817865484,1873.349576007548,8.969109,4.133500000000001e-06,1.2400500000000003e-05,1.2400500000000003e-05,0.36507773,-871.41077,,,575488,82.6
1.0363908,,,1682.9934,1683.5668,-1.2564422,0.13764702142378468,-0.8113964,500.0,30.823913267630882,3476.7122493131064,8.988833,3.8001666666666713e-06,1.1400500000000012e-05,1.1400500000000012e-05,0.32919326,-846.55554,,,577536,50.6
1.0336384,,,1455.645,1448.279,-1.2772545,0.13764702142378468,-0.73645324,500.0,12.819389743015211,2980.656207502466,9.007315,3.4668333333333304e-06,1.040049999999999e-05,1.040049999999999e-05,0.27995032,-811.51544,,,579584,18.7
1.0304737,,,1067.4155,1049.1284,-1.2736754,0.0,-0.7662451,500.0,0.061449619485679216,2389.9788604864107,9.021502,3.1335e-06,9.4005e-06,9.4005e-06,0.25900802,-777.828,,,581632,0.0
1.027726,,,1225.654,1207.2122,-1.2721282,0.0,-0.8112078,500.0,1.3398277520830653,3442.503342630621,9.030603,2.8001666666666703e-06,8.40050000000001e-06,8.40050000000001e-06,0.5422343,-744.9758,,,583680,0.3
1.0248036,,,1158.7401,1155.759,-1.2565974,0.0,-0.8481801,500.0,1.7117023513635132,4414.021226564794,9.040655,2.3835000000000052e-06,7.150500000000015e-06,7.150500000000015e-06,0.9478291,-714.53815,,,585728,0.3
1.0221713,,,1104.217,1128.0997,-1.2583382,0.0,-0.8979472,452.9,2.0519681334626534,3129.4682553229704,9.039523,2.0453333333333323e-06,6.135999999999997e-06,6.135999999999997e-06,0.87777966,-689.5983,,,587776,0.0
1.0215135,,,1522.331,1666.9987,-1.2911752,0.0,-1.1193388,378.1,1.618643914696526,261.0244723522841,9.014073,1.753333333333329e-06,5.259999999999986e-06,5.259999999999986e-06,1.2101963,-657.3824,,,589824,0.0
1.0227495,,,2493.595,2758.5935,-1.2803129,0.0,-1.299631,404.3,0.0,757.8438485945906,8.990855,1.4199999999999991e-06,4.2599999999999965e-06,4.2599999999999965e-06,1.813879,-613.94525,,,591872,0.0
1.0243026,,,2861.1694,3163.6045,-1.2914741,0.0,-1.2634404,461.6,0.0,1293.814597106469,8.976508,1.0866666666666693e-06,3.260000000000007e-06,3.260000000000007e-06,1.8183006,-574.3103,,,593920,0.0
1.0253748,,,2495.8577,2753.8335,-1.303573,0.0,-1.1811792,500.0,0.0,2039.5748734082604,8.968321,7.533333333333282e-07,2.259999999999984e-06,2.259999999999984e-06,1.4710572,-554.40784,,,595968,0.0
1.026223,,,2583.0222,2717.6167,-1.2994803,0.0,-1.1774204,500.0,0.0,4070.436367400906,8.965484,3.3666666666666293e-07,1.0099999999999886e-06,1.0099999999999886e-06,1.727219,-580.2503,,,598016,0.0
1.0267159,,,2788.58,2877.3372,-1.2883084,0.0,-1.2344806,500.0,0.0,5206.533519342165,8.96653,3.3333333333329665e-09,9.999999999998898e-09,9.999999999998898e-09,1.8722767,-637.2514,,,600064,0.0
